{"accuracy": 0.9994209002369044, "precision": 0.9993935943847628, "recall": 0.9994209002369044, "f1": 0.9993918403989529}