{"accuracy": 0.999438448714574, "precision": 0.9994139801622933, "recall": 0.9994384487145741, "f1": 0.9994182211038959}