{"accuracy": 0.9993682548038958, "precision": 0.99933688957913, "recall": 0.9993682548038958, "f1": 0.9993271206547981}