{"accuracy": 0.9994209002369044, "precision": 0.9993943927946214, "recall": 0.9994209002369046, "f1": 0.9993984345334412}