{"accuracy": 0.999438448714574, "precision": 0.9994150912591436, "recall": 0.999438448714574, "f1": 0.9994052929799515}