{"accuracy": 0.9993507063262262, "precision": 0.9993160388060783, "recall": 0.9993507063262262, "f1": 0.9993104104502716}