{"accuracy": 0.9993507063262262, "precision": 0.9993274953551169, "recall": 0.9993507063262262, "f1": 0.9993360494875669}